{"72": {"wavelength": [2.453798627524479, 2.454677557645828, 2.4644167070276155, 2.4678074627935458, 2.4752478204744217, 2.4785983099533149, 2.4797683063230953], "wavelength_sigma": [5.4712955925003272e-05, 7.9595179947918829e-05, 4.837762449929497e-05, 6.6912888902014928e-05, 3.739740038375845e-05, 5.1235135087726195e-05, 5.3598391189043721e-05], "pixel": [53.36535420599202, 101.91546388003187, 655.70040487741892, 857.91343134243107, 1321.1561535605035, 1540.0100995763091, 1615.896609248513], "wavelength_grouped": [[2.453798627524479], [2.454677557645828], [2.4644167070276155], [2.4678074627935458], [2.4752478204744217], [2.4785983099533149], [2.4797683063230953]], "pixel_sigma": [2.6959175909454762, 5.9438141155685749, 3.2927558558558943, 4.2087834879003694, 2.5217748768544244, 3.1391918857334451, 3.5076382720539661]}, "73": {"wavelength": [2.4220572460803629, 2.4263771411178676, 2.4333511451356316, 2.4428753643879597, 2.4472756182520463, 2.4480668948185338], "wavelength_sigma": [3.3544139153954136e-05, 5.8156307583514692e-05, 6.0120118939989897e-05, 3.252201716715802e-05, 7.3849486509247863e-05, 5.7234439629879485e-05], "pixel": [136.28717457242027, 380.73726821640167, 793.44486618944029, 1392.5932571436877, 1687.2094332808113, 1741.4105993435287], "wavelength_grouped": [[2.4220572460803629], [2.4263771411178676], [2.4333511451356316], [2.4428753643879597], [2.4472756182520463], [2.4480668948185338]], "pixel_sigma": [2.2290150297969502, 4.2149170488750443, 3.687535815290568, 3.2843818480111358, 5.0183226735020323, 3.561724200747423]}, "74": {"wavelength": [2.3881494376731132, 2.3915021032830528, 2.3967382633720709, 2.4003716120950074, 2.4042224404145967, 2.4061032322225926, 2.4069777599718756, 2.4076997068040149, 2.4117637728072152, 2.4143337145080843, 2.4185572334379297], "wavelength_sigma": [5.0699397044528139e-05, 5.8484396281981111e-05, 5.1699983694107068e-05, 4.1215144281213758e-05, 4.1083149102716474e-05, 3.0792632666870335e-05, 5.4700320864414955e-05, 4.6664430945765237e-05, 4.7105096540098131e-05, 5.9377726792483182e-05, 8.067503257595926e-05], "pixel": [48.895729039819692, 237.99457402919163, 543.66985026379518, 761.95167365189138, 1001.6852397150595, 1120.0768600787251, 1176.671168169363, 1222.7670355582775, 1491.4866434413441, 1665.3643491487587, 1962.3890497681252], "wavelength_grouped": [[2.3881494376731132], [2.3915021032830528], [2.3967382633720709], [2.4003716120950074], [2.4042224404145967, 2.4043224404145964], [2.4061032322225926], [2.4069777599718756], [2.4076997068040149], [2.4117637728072152], [2.4143337145080843], [2.4185572334379297]], "pixel_sigma": [3.9471398614539606, 3.7898641003800488, 3.5427877818103548, 2.6834046458047878, 3.7687147891511188, 2.2570850382311498, 3.5777549473496943, 3.0203145841001753, 3.9808830000554245, 4.2570704220212807, 4.8208874577260872]}, "75": {"wavelength": [2.3672320720007711, 2.3689470042051566, 2.3713904455079513, 2.3782120710611201, 2.383377331467778, 2.3840339981147656, 2.3859766118255674], "wavelength_sigma": [2.9196031949347705e-05, 3.7651601275838237e-05, 2.9586762146250879e-05, 5.2417662249370329e-05, 4.4878979855199e-05, 5.3800197357783307e-05, 4.4230140362665367e-05], "pixel": [667.03816502180393, 772.8682553553989, 925.20926983391701, 1368.3978984584974, 1721.2962256468495, 1766.9011582420078, 1904.6075469067177], "wavelength_grouped": [[2.3672320720007711], [2.3689470042051566], [2.3713904455079513], [2.3782120710611201], [2.383377331467778], [2.3840339981147656], [2.3859766118255674]], "pixel_sigma": [2.3718232850665792, 2.4853562293561335, 2.37323063158835, 3.691123889987125, 3.9802377798097455, 4.1771621267425667, 4.2417710955008712]}, "76": {"wavelength": [2.3403713267365411, 2.3420491428262191, 2.3516443265394011, 2.3524483977549586], "wavelength_sigma": [2.958385186103106e-05, 2.8909925242997348e-05, 3.4773221677507365e-05, 3.5073223884106696e-05], "pixel": [910.94582955708051, 1017.5573899976835, 1663.3069283835666, 1721.5843293168143], "wavelength_grouped": [[2.3403713267365411], [2.3420491428262191], [2.3516443265394011], [2.3524483977549586]], "pixel_sigma": [3.2321361019496102, 2.2618091292751954, 2.8158679920285659, 4.2997696455677694]}}